Credential Code,Credential Name
AETC,Designated Subjects Adult Education Teaching Credential
AIL,American Indian Languages Credential
BIPT,Business and Industry Partnership Teacher
C8,EDUCATOR AUTHORIZATION
CTE,Designated Subjects Career Technical Education Credential
GS1,General Child Welfare and Supervision of Attendance Credential
GS10,GENERAL ADMINISTRATION CREDENTIAL
GS13,GENERAL SECONDARY ADMINISTRATION CREDENTIAL: TRADE & INDUSTRIAL EDUCATION
GS14,GENERAL SUPERVISION OF SCHOOL BUDGETS CREDENTIAL
GS15,GENERAL SUPERVISION CREDENTIAL
GS16,GENERAL SCHOOL PSYCHOMETRIST CREDENTIAL
GS17,GENERAL SCHOOL PSYCHOLOGIST CREDENTIAL
GS18,THE SUPERVISION CREDENTIAL
GS19,GENERAL PUPIL PERSONNEL SERVICES CREDENTIAL
GS2,GENERAL HEALTH AND DEVELOPMENT SERVICES CREDENTIAL
GS20,GENERAL SERVICES CREDENTIAL
GS25,GENERAL SCHOOL PRINCIPAL OR SUPERVISOR CREDENTIAL
GS3,GENERAL LIBRARIANSHIP CREDENTIAL
GS5,GENERAL ELEMENTARY SCHOOL ADMINISTRATION CREDENTIAL
GS6,GENERAL ELEMENTARY SCHOOL SUPERVISION CREDENTIAL
GS7,GENERAL SECONDARY SCHOOL ADMINISTRATION CREDENTIAL
GS8,GENERAL SECONDARY SCHOOL SUPERVISION CREDENTIAL
GS9,GENERAL SPECIAL SUBJECT SUPERVISION CREDENTIAL
GT1,GENERAL KINDERGARTEN-PRIMARY TEACHING CREDENTIAL
GT2,GENERAL ELEMENTARY TEACHING CREDENTIAL
GT3,GENERAL JUNIOR HIGH TEACHING CREDENTIAL
GT4,GENERAL JUNIOR COLLEGE TEACHING CREDENTIAL
GT5,GENERAL SECONDARY TEACHING CREDENTIAL
GT7,GENERAL TEACHING CREDENTIAL
MIAA,Mathematics Instructional Added Authorization
MILS,Mathematics Instructional Leadership Specialist
P10I,"CHILDREN'S CENTER INSTRUCTION PERMIT (Originally issued under regulations that became effective on January 30, 1986. Currently available as a renewal only.)"
P10S,"CHILDREN'S CENTER SUPERVISION PERMIT (Originally issued under regulations that became effective on January 30, 1986. Currently available as a renewal only.)"
P12A,"CHILD DEVELOPMENT ASSISTANT PERMIT (Regulations effective February 1, 1997.)"
P12B,"CHILD DEVELOPMENT ASSOCIATE PERMIT (Regulations effective February 1, 1997.)"
P12C,"CHILD DEVELOPMENT TEACHER PERMIT (Regulations effective February 1, 1997.)"
P12D,"CHILD DEVELOPMENT MASTER TEACHER PERMIT (Regulations effective February 1, 1997.)"
P12E,"CHILD DEVELOPMENT SITE SUPERVISOR PERMIT (Regulations effective February 1, 1997.)"
P12F,"CHILD DEVELOPMENT PROGRAM DIRECTOR PERMIT (Regulations effective February 1, 1997.)"
P1I,"CHILDREN'S CENTER INSTRUCTION PERMIT ( Originally issued under regulations that became effective on or before September 15, 1961. Currently available as a renewal only.)"
P1S,"CHILDREN'S CENTER SUPERVISION PERMIT (Originally issued under regulations that became effective on or before September 15, 1961. Currently available as a renewal only.)"
P2I,"CHILDREN'S CENTER INSTRUCTION PERMIT (Originally issued under regulations that became effective on October 15, 1966. Currently available as a renewal only.)"
P2S,"CHILDREN'S CENTER SUPERVISION PERMIT (Originally issued under regulations that became effective on October 15, 1966. Currently available as a renewal only.)"
P3I,"CHILD DEVELOPMENT PROGRAMS INSTRUCTION PERMIT (Originally issued under regulations that became effective on October 15, 1974. Currently available as a renewal only.)"
P3S,"CHILD DEVELOPMENT PROGRAMS SUPERVISION PERMIT (Originally issued under regulations that became effective on October 15, 1974. Currently available as a renewal only.)"
P4I,"CHILDREN'S CENTER INSTRUCTION PERMIT (Originally issued under regulations that became effective on January 1, 1979. Currently available as a renewal only.)"
P4S,"CHILDREN'S CENTER SUPERVISION PERMIT (Originally issued under regulations that became effective on January 1, 1979. Currently available as a renewal only.)"
P5,DEVELOPMENT CENTER PERMIT (Available until 1986 only. Not renewable)
P6,SPECIAL CENTER PERMIT (Replaced the Development Center Permit effective 2-17-86. Not renewable.)
PK3,PK-3 Early Childhood Education Specialist Instruction Credential
RLAA,Reading and Literacy Added Authorization
RLLS,Reading and Literacy Leadership Specialist
SA1,"RESOURCE SPECIALIST ADDED AUTHORIZATION (Regulations effective July 20, 2011)"
SA10,BILINGUAL CERTIFICATE OF ASSESSMENT COMPETENCE
SA12,"CROSSCULTURAL, LANGUAGE AND ACADEMIC DEVELOPMENT CERTIFICATE"
SA13,"CROSSCULTURAL, LANGUAGE AND ACADEMIC DEVELOPMENT PERMIT"
SA14,"BILINGUAL, CROSSCULTURAL, LANGUAGE AND ACADEMIC DEVELOPMENT CERTIFICATE"
SA15,"BILINGUAL, CROSSCULTURAL, LANGUAGE AND ACADEMIC DEVELOPMENT PERMIT"
SA16,READING CERTIFICATE
SA17,Certificate of Completion of Staff Development
SA1P,RESOURCE SPECIALIST PERMIT
SA2,EARLY CHILDHOOD SPECIAL EDUCATION CERTIFICATE
SA3,DESIGNATED SUBJECTS SUPERVISION & COORDINATION CREDENTIAL FOR VOCATIONAL EDUCATION
SA4,DESIGNATED SUBJECTS SUPERVISION AND COORDINATION CREDENTIAL
SA5,DESIGNATED SUBJECTS SUPERVISION & COORDINATION CREDENTIAL FOR NON-VOCATIONAL EDUCATION
SA6,BILINGUAL CERTIFICATE OF COMPETENCE
SA7,ADAPTED PHYSICAL EDUCATION CREDENTIAL
SA8,MILLER-UNRUH READING SPECIALIST CERTIFICATE
SA9,LANGUAGE DEVELOPMENT SPECIALIST CERTIFICATE
SC1A,ADMINISTRATIVE SERVICES CREDENTIAL
SC1B,ADMINISTRATIVE SERVICES CREDENTIAL (EXAMINATION)
SC2,LIBRARIANSHIP SERVICES CREDENTIAL (Title if issued prior to 1-1-89)
SC2A,LIBRARY MEDIA TEACHER SERVICES CREDENTIAL
SC2B,TEACHER LIBRARIAN SERVICES CREDENTIAL
SC2E,Emergency Teacher Librarian Services Permit
SC2P,EMERGENCY TEACHER LIBRARIAN SERVICES PERMIT
SC3,HEALTH SERVICES CREDENTIAL
SC3A,SCHOOL NURSE SERVICES CREDENTIAL
SC4,CLINICAL OR REHABILITATIVE SERVICES CREDENTIAL
SC4P,CLINICAL OR REHABILITATIVE SERVICES PERMIT
SC5,PUPIL PERSONNEL SERVICES
SC6,EMINENCE SERVICES CREDENTIAL
SC7,EXCHANGE CERTIFICATED EMPLOYEE SERVICES CREDENTIAL
SC8,Speech Language Pathology Services Credential
SDTA,STANDARD DESIGNATED SUBJECTS TEACHING CREDENTIAL (Subject: Basic Military Drill)
SDTB,STANDARD DESIGNATED SUBJECTS TEACHING CREDENTIAL (Subject: Reserve Officer Training Corps - ROTC)
SDTC,STANDARD DESIGNATED SUBJECTS ADULT EDUCATION TEACHING CREDENTIAL
SDTD,STANDARD DESIGNATED SUBJECTS BUSINESS EDUCATION TEACHING CREDENTIAL
SDTE,STANDARD DESIGNATED SUBJECTS TEACHING CREDENTIAL (Subject: Public Safety Education)
SDTF,STANDARD DESIGNATED SUBJECTS MODERN FOREIGN LANGUAGE TEACHING CREDENTIAL (Obsolete credential: no renewals available; no CAS document issued)
SDTG,STANDARD DESIGNATED SUBJECTS INDUSTRIAL ARTS AND OCCUPATIONAL ED. TEACHING CREDENTIAL
SDTH,STANDARD DESIGNATED SUBJECTS VOCATIONAL TRADE AND TECHNICAL ED. TEACHING CREDENTIAL
SDTI,STANDARD DESIGNATED SUBJECTS TEACHING CREDENTIAL (Subject: Aviation Flight Instruction or Aviation Ground Instruction)
SDTJ,STANDARD DESIGNATED SUBJECTS OUTSTANDING EMINENCE CREDENTIAL
SDTK,"STANDARD DESIGNATED SUBJECTS EMINENCE TEACHING CREDENTIAL (Both credentials are obsolete--if renewed, they became Ryan TC5 Credentials )"
SDTL,STANDARD DESIGNATED SUBJECTS VOCATIONAL AGRICULTURE TEACHING CREDENTIAL
SDTM,STANDARD DESIGNATED SUBJECTS TEACHING CREDENTIAL (Subject: African-American Studies)
SDTN,STANDARD DESIGNATED SUBJECTS INDUSTRIAL ARTS AND VOCATIONAL TEACHING CREDENTIAL
SSCA,STANDARD PUPIL PERSONNEL SERVICES CREDENTIAL
SSCB,STANDARD HEALTH SERVICES CREDENTIAL
SSCC,STANDARD SUPERVISION CREDENTIAL
SSCD,STANDARD ADMINISTRATION CREDENTIAL
ST1,SPECIAL SECONDARY TEACHING CREDENTIAL IN ART
ST10,SPECIAL SECONDARY TEACHING CREDENTIAL IN INDUSTRIAL ARTS
ST11,SPECIAL SECONDARY LIMITED TEACHING CREDENTIAL IN INDUSTRIAL ARTS
ST12,SPECIAL SECONDARY LIMITED TEACHING CREDENTIAL IN INDUSTRIAL ARTS (PART-TIME)
ST13,SPECIAL SECONDARY CREDENTIAL FOR TEACHING LIP READING
ST14,SPECIAL SECONDARY TEACHING CREDENTIAL IN MUSIC
ST15,SPECIAL SECONDARY LIMITED TEACHING CREDENTIAL IN MUSIC
ST16,SPECIAL SECONDARY TEACHING CREDENTIAL IN NURSING EDUCATION
ST17,SPECIAL SECONDARY CREDENTIAL FOR TEACHING THE PARTIALLY SIGHTED CHILD
ST18,SPECIAL SECONDARY TEACHING CREDENTIAL IN PHYSICAL EDUCATION
ST19,SPECIAL SECONDARY TEACHING CREDENTIAL IN PUBLIC SAFETY EDUCATION
ST2,SPECIAL SECONDARY TEACHING CREDENTIAL IN AVIATION
ST20,SPECIAL SECONDARY TEACHING CREDENTIAL IN SCIENCES BASIC TO MEDICINE
ST21,SPECIAL SECONDARY TEACHING CREDENTIAL IN SPEECH ARTS
ST22,SPECIAL SECONDARY TEACHING CREDENTIAL IN CORRECTION OF SPEECH DEFECTS
ST23,SPECIAL SECONDARY VOCATIONAL CLASS A TEACHING CREDENTIAL
ST24,SPECIAL SECONDARY VOCATIONAL CLASS B TEACHING CREDENTIAL
ST25,SPECIAL SECONDARY VOCATIONAL CLASS C1 TEACHING CREDENTIAL
ST26,SPECIAL SECONDARY VOCATIONAL CLASS C2 TEACHING CREDENTIAL
ST27,SPECIAL SECONDARY TEACHING CREDENTIAL IN MILITARY SCIENCE AND TACTICS
ST28,SPECIAL ADULT EDUCATION TEACHING CREDENTIAL IN DESIGNATED SUBJECTS
ST29,SPECIAL ADULT EDUCATION TEACHING CREDENTIAL IN LIP READING
ST3,SPECIAL SECONDARY TEACHING CREDENTIAL IN VOCATIONAL AGRICULTURE
ST30,SPECIAL ADULT EDUCATION TEACHING CREDENTIAL FOR SHORT UNIT COURSES
ST31,SPECIAL SECONDARY VOCATIONAL CLASS D TEACHING CREDENTIAL
ST32,SPECIAL SECONDARY LIMITED VOCATIONAL TEACHING CREDENTIAL IN BUSINESS SUBJECTS
ST33,SPECIAL SECONDARY CREDENTIAL FOR TEACHING THE MENTALLY RETARDED
ST34,SPECIAL CREDENTIAL FOR TEACHING EXCEPTIONAL CHILDREN
ST35,SPECIAL SECONDARY TEACHING CREDENTIAL
ST4,SPECIAL SECONDARY LIMITED TEACHING CREDENTIAL IN DESIGNATED SUBJECTS
ST5,SPECIAL SECONDARY TEACHING CREDENTIAL IN BUSINESS EDUCATION
ST6,SPECIAL SECONDARY LIMITED TEACHING CREDENTIAL IN VOCATIONAL BUSINESS
ST7,SPECIAL SECONDARY CREDENTIAL FOR TEACHING THE BLIND
ST8,SPECIAL SECONDARY CREDENTIAL FOR TEACHING THE DEAF
ST9,SPECIAL SECONDARY TEACHING CREDENTIAL IN HOMEMAKING
STCA,STANDARD ELEMENTARY TEACHING CREDENTIAL
STCB,STANDARD SECONDARY TEACHING CREDENTIAL
STCC,STANDARD EARLY CHILDHOOD EDUCATION TEACHING CREDENTIAL
STCD,STANDARD JUNIOR COLLEGE TEACHING CREDENTIAL (Initial issuance prior to the Community College Law of 1971)
STCE,STANDARD LIMITED SPECIALIZED PREPARATION TEACHING CREDENTIAL
STCF,STANDARD RESTRICTED SPECIAL EDUCATION TEACHING CREDENTIAL
SUBB,30-DAY SUBSTITUTE TEACHING CREDENTIAL
SUBC,EMERGENCY CAREER SUBSTITUTE TEACHING PERMIT
SUBP,30-DAY SUBSTITUTE TEACHING PERMIT
SUBT,EMERGENCY SUBSTITUTE TEACHING PERMIT FOR PROSPECTIVE TEACHERS
SUBV,30-DAY SUBSTITUTE DESIGNATED SUBJECTS VOCATIONAL EDUCATION PERMIT
SUBW,30-DAY SUBSTITUTE TEACHING CREDENTIAL/PERMIT ON STATE BOARD WAIVER
TC1,SINGLE SUBJECT TEACHING CREDENTIAL
TC10,DISTRICT INTERN CREDENTIAL
TC11,PRE-INTERN CERTIFICATE
TC12,SPECIAL TEMPORARY CERTIFICATE
TC13,Short-Term Staff Permit
TC14,Provisional Internship Permit
TC15,Emergency Specialist Teaching Permit in Early Childhood Education
TC1L,LIMITED ASSIGNMENT AUTHORIZATION (Document was available until 6-30-91 only)
TC1P,SINGLE SUBJECT TEACHING PERMIT
TC1S,SUPPLEMENTARY AUTHORIZATION TO A TEACHING CREDENTIAL
TC2,MULTIPLE SUBJECT TEACHING CREDENTIAL
TC2P,MULTIPLE SUBJECT TEACHING PERMIT
TC2S,SUPPLEMENTARY AUTHORIZATION TO A TEACHING CREDENTIAL
TC3A,SPECIALIST INSTRUCTION CREDENTIAL (Authorized Field: Agriculture)
TC3B,SPECIALIST INSTRUCTION CREDENTIAL IN BILINGUAL CROSSCULTURAL EDUCATION (Target Language listed on each document )
TC3C,SPECIALIST INSTRUCTION CREDENTIAL (Authorized Field: Early Childhood Education)
TC3D,SPECIALIST INSTRUCTION CREDENTIAL (Authorized Field: Gifted Education)
TC3E,SPECIALIST INSTRUCTION CREDENTIAL (Authorized Field: Health Science)
TC3F,SPECIALIST INSTRUCTION CREDENTIAL (Authorized Field: Mathematics)
TC3G,SPECIALIST INSTRUCTION CREDENTIAL (Authorized Field: Reading Education)
TC3H,"SPECIALIST INSTRUCTION CREDENTIAL IN SPECIAL EDUCATION (Authorized Field: Communication Handicapped, Learning Handicapped, Physically Handicapped, Severely Handicapped, or Visually Handicapped)"
TC3P,"EMERGENCY SPECIALIST INSTRUCTION PERMIT IN SPECIAL EDUCATION (Authorized Field: Communication Handicapped, Learning Handicapped, Physically Handicapped, Severely Handicapped, or Visually Handicapped)"
TC3Q,"EDUCATION SPECIALIST INSTRUCTION PERMIT (Authorized Field: Deaf and Hard-of-Hearing, Mild/Moderate Disabilities, Moderate/Severe Disabilities, Physical and Health Impairments, or Visual Impairments.)"
TC3S,"EDUCATION SPECIALIST INSTRUCTION CREDENTIAL (Authorized Field: Deaf and Hard-of-Hearing, Mild/Moderate Disabilities, Moderate/Severe Disabilities, Physical and Health Impairments, Visual Impairments, or Early Childhood Special Education.)"
TC4A,Designated Subjects Adult Education Teaching Credential: Full-Time
TC4B,DESIGNATED SUBJECTS ADULT EDUCATION TEACHING CREDENTIAL: REGULAR
TC4D,DESIGNATED SUBJECTS ADULT EDUCATION TEACHING CREDENTIAL: FULL-TIME
TC4E,DESIGNATED SUBJECTS ADULT EDUCATION TEACHING CREDENTIAL: PART-TIME
TC4F,DESIGNATED SUBJECTS VOCATIONAL EDUCATION TEACHING CREDENTIAL: FULL-TIME
TC4G,DESIGNATED SUBJECTS VOCATIONAL EDUCATION TEACHING CREDENTIAL: PART-TIME
TC4H,PART-TIME DESIGNATED SUBJECTS CAREER TECHNICAL EDUCATION TEACHING CREDENTIAL
TC4J,DESIGNATED SUBJECTS ADULT EDUCATION TEACHING CREDENTIAL: PART-TIME (Regulations effective 5/10/95)
TC4P,DESIGNATED SUBJECTS VOCATIONAL EDUCATION TEACHING CREDENTIAL: PART-TIME (Regulations effective 5/10/95)
TC4S,DESIGNATED SUBJECTS SPECIAL SUBJECTS TEACHING CREDENTIAL
TC4T,FULL-TIME DESIGNATED SUBJECTS CAREER TECHNICAL EDUCATION TEACHING CREDENTIAL
TC4V,DESIGNATED SUBJECTS VOCATIONAL EDUCATION TEACHING CREDENTIAL: FULL-TIME (Regulations effective 5/10/95)
TC5,EMINENCE TEACHING CREDENTIAL
TC7,EXCHANGE CERTIFICATED EMPLOYEE TEACHING CREDENTIAL
TC8,SOJOURN CERTIFICATED EMPLOYEE TEACHING CREDENTIAL
TC9,Teacher Trainee Certificate
TCMS,SB 2042 Multiple Subject Teaching Credential
TCSS,SB 2042 Single Subject Teaching Credential
TLA1,General Education Single Subject Limited Assignment Teaching Permit
TLA2,General Education Multiple Subject Limited Assignment Teaching Permit
TLA3,Special Education Limited Assignment Teaching Permit
VFC,Preliminary Single Subject Teaching Credential-Based on VFP
VFP,Visiting Faculty Permit
